date,Dengue Fever,Dengue Haemorrhagic Fever,public_holidays,school_holidays,sunshine_daily_mean,rh_monthly_min,Average.daily.rainfall,Mean.daily.tempearature,Chikungunya,Chikungunya Fever,Zika,Zika Virus Infection
2012-01-01,74,0,1,0,6,59,0.67,27.06,0,0,0,0
2012-01-08,64,2,0,0,6,59,4.82,25.7,0,1,0,0
2012-01-15,60,1,0,0,6,59,8.62,26.97,0,1,0,0
2012-01-22,50,2,2,0,6,59,5.62,26.29,0,0,0,0
2012-01-29,84,1,0,0,6,59,8.45,26.21,0,0,0,0
2012-02-05,87,0,0,0,7,55,0.26,27.19,0,0,0,0
2012-02-12,65,0,0,0,7,55,6.15,26.74,0,0,0,0
2012-02-19,50,1,0,0,7,55,4.75,27.14,0,1,0,0
2012-02-26,55,0,0,0,7,55,5.18,26.82,0,1,0,0
2012-03-04,45,1,0,0,4.2,58,9.85,26.77,0,2,0,0
2012-03-11,64,0,0,5,4.2,58,11.88,26.34,0,0,0,0
2012-03-18,72,1,0,0,4.2,58,7.82,27.47,0,0,0,0
2012-03-25,48,0,0,0,4.2,58,15.7,27.06,0,0,0,0
2012-04-01,52,0,1,0,5.8,54,11.18,27.04,0,0,0,0
2012-04-08,81,1,0,0,5.8,54,14.09,27.01,0,1,0,0
2012-04-15,77,0,0,0,5.8,54,8.29,27.47,0,1,0,0
2012-04-22,64,0,0,0,5.8,54,2.97,28.3,0,0,0,0
2012-04-29,86,2,2,0,5.8,54,13.66,27.61,0,0,0,0
2012-05-06,96,1,0,0,5.6,52,7.99,27.73,0,1,0,0
2012-05-13,80,0,0,0,5.6,52,7.31,28.61,0,0,0,0
2012-05-20,80,0,0,0,5.6,52,9.48,28.13,0,0,0,0
2012-05-27,81,0,0,5,5.6,52,4.27,28.07,0,0,0,0
2012-06-03,99,1,0,5,6,49,7.5,28.51,0,0,0,0
2012-06-10,87,1,0,5,6,49,0,29.31,0,0,0,0
2012-06-17,128,1,0,5,6,49,2.02,28.96,0,0,0,0
2012-06-24,151,0,0,0,6,49,3.49,28.34,0,0,0,0
2012-07-01,140,0,0,0,6.2,48,13.83,27.04,0,0,0,0
2012-07-08,131,1,0,0,6.2,48,4.27,27.38,0,0,0,0
2012-07-15,124,1,0,0,6.2,48,3.42,27.23,0,0,0,0
2012-07-22,110,0,0,0,6.2,48,0.68,28.63,0,0,0,0
2012-07-29,94,0,0,0,6.2,48,9.61,28.13,0,0,0,0
2012-08-05,127,0,1,0,6.1,54,0.14,28.3,0,0,0,0
2012-08-12,115,0,0,0,6.1,54,3.98,28.16,0,0,0,0
2012-08-19,92,0,1,0,6.1,54,2.18,27.82,0,0,0,0
2012-08-26,102,0,0,0,6.1,54,7.54,26.96,0,0,0,0
2012-09-02,75,1,0,5,5.6,49,3.26,27.2,0,0,0,0
2012-09-09,73,1,0,0,5.6,49,0.95,27.92,0,0,0,0
2012-09-16,72,0,0,0,5.6,49,3.83,28.13,0,0,0,0
2012-09-23,99,1,0,0,5.6,49,7.9,27.71,0,0,0,0
2012-09-30,103,1,0,0,5.6,49,3.88,28.06,0,1,0,0
2012-10-07,122,1,0,0,5.9,51,5.19,27.38,0,1,0,0
2012-10-14,105,0,0,0,5.9,51,14.25,26.5,0,2,0,0
2012-10-21,84,0,1,0,5.9,51,0.31,28.32,0,1,0,0
2012-10-28,104,0,0,0,5.9,51,13.89,26.69,0,1,0,0
2012-11-04,99,1,0,0,4.4,51,8.27,26.86,0,0,0,0
2012-11-11,87,1,1,0,4.4,51,13.91,26.91,0,1,0,0
2012-11-18,99,1,0,5,4.4,51,11.08,26.94,0,0,0,0
2012-11-25,80,0,0,5,4.4,51,4.11,27.11,0,0,0,0
2012-12-02,78,0,0,5,3.6,61,11.23,26.76,0,3,0,0
2012-12-09,104,1,0,5,3.6,61,18.83,25.93,0,0,0,0
2012-12-16,92,2,0,5,3.6,61,10.53,26.21,0,3,0,0
2012-12-23,111,1,1,5,3.6,61,11.52,26.24,0,0,0,0
2012-12-30,132,2,1,0,3.6,61,3.67,27.25,0,0,0,0
2013-01-06,204,1,0,0,6,42,10.15,26.75,0,1,0,0
2013-01-13,219,0,0,0,6,42,15.53,26.06,0,1,0,0
2013-01-20,264,3,0,0,6,42,0.79,26.84,0,1,0,0
2013-01-27,292,1,0,0,6,42,5.99,27.15,0,0,0,0
2013-02-03,322,0,0,0,4,54,23.77,25.54,0,2,0,0
2013-02-10,246,1,2,0,4,54,14.81,25.51,0,0,0,0
2013-02-17,294,2,0,0,4,54,5.78,26.87,0,0,0,0
2013-02-24,247,2,0,0,4,54,7.01,27.54,0,2,0,0
2013-03-03,272,1,0,0,7.5,48,3.1,27.49,0,14,0,0
2013-03-10,307,1,0,0,7.5,48,4.05,27.87,0,1,0,0
2013-03-17,305,2,0,5,7.5,48,4.57,28.29,0,3,0,0
2013-03-24,314,2,1,0,7.5,48,13.65,28.35,0,3,0,0
2013-03-31,402,4,0,0,7.5,48,8.01,28,0,6,0,0
2013-04-07,491,1,0,0,5.2,46,2.27,28.02,0,14,0,0
2013-04-14,505,4,0,0,5.2,46,8.45,28.27,0,35,0,0
2013-04-21,536,2,0,0,5.2,46,7.55,27.61,0,24,0,0
2013-04-28,547,0,1,0,5.2,46,4.13,28.12,0,19,0,0
2013-05-05,556,2,0,0,5.4,45,8.99,28.31,0,29,0,0
2013-05-12,611,0,0,0,5.4,45,5.79,28.57,0,28,0,0
2013-05-19,637,3,1,0,5.4,45,5.97,28.09,0,15,0,0
2013-05-26,742,4,0,0,5.4,45,5.46,27.76,0,31,0,0
2013-06-02,813,1,0,5,6.4,36,7.75,27.87,0,40,0,0
2013-06-09,805,4,0,5,6.4,36,1.07,29.74,0,39,0,0
2013-06-16,838,4,0,5,6.4,36,0,30.06,0,45,0,0
2013-06-23,802,4,0,5,6.4,36,3.3,28.21,0,24,0,0
2013-06-30,676,2,0,0,6.4,36,4.11,28.04,0,26,0,0
2013-07-07,540,1,0,0,5.7,43,7.56,27.14,0,26,0,0
2013-07-14,389,1,0,0,5.7,43,2.25,27.97,0,16,0,0
2013-07-21,305,1,0,0,5.7,43,3.78,27.78,0,20,0,0
2013-07-28,288,1,0,0,5.7,43,7.62,27.74,0,22,0,0
2013-08-04,255,1,2,0,6.1,50,10.14,27.39,0,7,0,0
2013-08-11,378,0,0,0,6.1,50,3.39,27.77,0,26,0,0
2013-08-18,338,3,0,0,6.1,50,2.93,28.31,0,15,0,0
2013-08-25,382,4,0,0,6.1,50,3.31,27.59,0,38,0,0
2013-09-01,449,3,0,0,4.6,48,22.82,26.11,0,42,0,0
2013-09-08,337,2,0,5,4.6,48,5.39,27.27,0,39,0,0
2013-09-15,370,6,0,0,4.6,48,0.88,28.69,0,49,0,0
2013-09-22,402,4,0,0,4.6,48,11.06,27.69,0,32,0,0
2013-09-29,439,2,0,0,4.6,48,4.7,27.79,0,17,0,0
2013-10-06,435,3,0,0,6.3,42,15.78,27.78,0,23,0,0
2013-10-13,371,3,1,0,6.3,42,14.15,27.59,0,16,0,0
2013-10-20,495,0,0,0,6.3,42,1.52,26.96,0,21,0,0
2013-10-27,457,1,0,0,6.3,42,8.57,26.83,0,22,0,0
2013-11-03,401,1,1,0,4.5,51,10.98,27.05,0,31,0,0
2013-11-10,442,2,0,0,4.5,51,6.99,26.44,0,23,0,0
2013-11-17,365,0,0,5,4.5,51,6.14,27.31,0,36,0,0
2013-11-24,372,0,0,5,4.5,51,15.9,26.44,0,27,0,0
2013-12-01,347,0,0,5,3.5,45,13.69,25.65,0,32,0,0
2013-12-08,380,1,0,5,3.5,45,6.01,27.04,0,23,0,0
2013-12-15,371,0,0,5,3.5,45,11.13,26.09,0,33,0,0
2013-12-22,414,0,1,5,3.5,45,2.69,26.28,0,20,0,0
2013-12-29,436,1,1,0,3.5,45,8.33,26.07,0,19,0,0
2014-01-05,479,0,0,0,5.3,49,1.7,26.35,0,29,0,0
2014-01-12,401,0,0,0,5.3,49,0,25.7,0,20,0,0
2014-01-19,336,0,0,0,5.3,49,0,25.56,0,17,0,0
2014-01-26,234,0,2,0,5.3,49,0,25.99,0,13,0,0
2014-02-02,273,1,0,0,8.8,43,0.09,26.87,0,9,0,0
2014-02-09,369,0,0,0,8.8,43,2.86,27.39,0,9,0,0
2014-02-16,193,1,0,0,8.8,43,0,27.24,0,12,0,0
2014-02-23,186,1,0,0,8.8,43,0.01,27.43,0,3,0,0
2014-03-02,209,1,0,0,8,38,0.08,27.53,0,3,0,0
2014-03-09,224,1,0,0,8,38,11.76,27.21,0,5,0,0
2014-03-16,210,0,0,5,8,38,5.22,27.46,0,2,0,0
2014-03-23,225,0,0,0,8,38,2.97,28.21,0,1,0,0
2014-03-30,240,0,0,0,8,38,6.02,27.99,0,1,0,0
2014-04-06,244,1,0,0,5.7,44,6.48,27.71,0,1,0,0
2014-04-13,235,0,1,0,5.7,44,6.49,27.82,0,2,0,0
2014-04-20,282,0,0,0,5.7,44,6.46,28.21,0,2,0,0
2014-04-27,251,0,1,0,5.7,44,3.78,28.82,0,1,0,0
2014-05-04,261,0,0,0,5.8,48,7.12,28.28,0,1,0,0
2014-05-11,291,0,1,0,5.8,48,14.93,27.79,0,4,0,0
2014-05-18,427,1,0,0,5.8,48,5.28,28.04,0,1,0,0
2014-05-25,456,0,0,0,5.8,48,8.66,28.48,0,1,0,0
2014-06-01,458,1,0,5,6,45,5.47,28.39,0,3,0,0
2014-06-08,506,0,0,5,6,45,4.53,29.42,0,3,0,0
2014-06-15,550,1,0,5,6,45,2.64,29.66,0,2,0,0
2014-06-22,671,0,0,5,6,45,2.39,28.54,0,1,0,0
2014-06-29,888,3,0,0,6,45,8.54,28.36,0,1,0,0
2014-07-06,818,1,0,0,5.5,53,7.26,28.59,0,2,0,0
2014-07-13,744,2,0,0,5.5,53,1.3,29.11,0,0,0,0
2014-07-20,633,1,0,0,5.5,53,8.48,29.11,0,2,0,0
2014-07-27,484,0,1,0,5.5,53,5.24,28.04,0,1,0,0
2014-08-03,545,0,1,0,4.5,53,2.85,27.77,0,0,0,0
2014-08-10,438,0,0,0,4.5,53,9.3,27.53,0,3,0,0
2014-08-17,418,0,0,0,4.5,53,7.65,27.67,0,0,0,0
2014-08-24,367,0,0,0,4.5,53,10.64,27.64,0,2,0,0
2014-08-31,339,0,0,0,4.5,53,6.07,27.99,0,1,0,0
2014-09-07,362,0,0,5,7,37,1.83,28.69,0,0,0,0
2014-09-14,396,1,0,0,7,37,3.44,28.8,0,0,0,0
2014-09-21,344,1,0,0,7,37,4.11,28.43,0,1,0,0
2014-09-28,339,0,0,0,7,37,2.19,28.47,0,1,0,0
2014-10-05,278,0,1,0,6,40,1.26,28.97,0,0,0,0
2014-10-12,297,0,0,0,6,40,4.79,27.99,0,1,0,0
2014-10-19,213,0,1,0,6,40,3.79,28.14,0,1,0,0
2014-10-26,186,0,0,0,6,40,5.83,28.87,0,0,0,0
2014-11-02,168,1,0,0,5.4,53,22.64,26.94,0,0,0,0
2014-11-09,158,0,0,0,5.4,53,13.29,26.8,0,0,0,0
2014-11-16,149,0,0,5,5.4,53,10.74,27.76,0,1,0,0
2014-11-23,162,0,0,5,5.4,53,6.33,27.41,0,1,0,0
2014-11-30,212,0,0,5,5.4,53,13.9,27.3,0,1,0,0
2014-12-07,177,0,0,5,3.7,51,4.72,28.17,0,1,0,0
2014-12-14,198,0,0,5,3.7,51,12.66,26.67,0,0,0,0
2014-12-21,188,0,1,5,3.7,51,13.57,26.16,0,0,0,0
2014-12-28,158,0,1,0,3.7,51,13.11,26.41,0,0,0,0
2015-01-04,256,1,0,0,7.4,49,6.52,26.86,0,2,0,0
2015-01-11,228,0,0,0,7.4,49,5.24,26.53,0,1,0,0
2015-01-18,237,0,0,0,7.4,49,1.21,26.93,0,0,0,0
2015-01-25,259,0,0,0,7.4,49,0.11,27.11,0,1,0,0
2015-02-01,212,0,0,0,7.3,49,1.49,26.11,0,2,0,0
2015-02-08,173,0,0,0,7.3,49,1.84,26.38,0,0,0,0
2015-02-15,99,1,2,0,7.3,49,0.67,26.86,0,1,0,0
2015-02-22,172,0,0,0,7.3,49,5.1,27.06,0,0,0,0
2015-03-01,189,1,0,0,7.3,47,2.11,27.63,0,0,0,0
2015-03-08,110,0,0,0,7.3,47,4.66,27.36,0,0,0,0
2015-03-15,91,0,0,5,7.3,47,2.34,27.56,0,1,0,0
2015-03-22,129,1,0,0,7.3,47,6.53,28.16,0,0,0,0
2015-03-29,90,1,1,0,7.3,47,7.41,27.73,0,1,0,0
2015-04-05,107,0,0,0,7.2,48,6.19,27.93,0,0,0,0
2015-04-12,137,0,0,0,7.2,48,2.61,28.54,0,1,0,0
2015-04-19,113,0,0,0,7.2,48,2.78,28.41,0,2,0,0
2015-04-26,120,0,1,0,7.2,48,10.77,27.74,0,0,0,0
2015-05-03,135,0,0,0,5.8,46,11.08,27.57,0,1,0,0
2015-05-10,157,1,0,0,5.8,46,5.29,29.02,0,0,0,0
2015-05-17,109,0,0,0,5.8,46,10.05,28.21,0,0,0,0
2015-05-24,178,2,0,0,5.8,46,4.61,28.24,0,2,0,0
2015-05-31,151,1,1,5,5.8,46,1.01,29.16,0,1,0,0
2015-06-07,192,1,0,5,6.7,42,6.65,28.16,0,0,0,0
2015-06-14,207,0,0,5,6.7,42,4.72,27.38,0,1,0,0
2015-06-21,240,0,0,5,6.7,42,0.09,29.61,0,0,0,0
2015-06-28,242,0,0,0,6.7,42,0.94,29.41,0,0,0,0
2015-07-05,272,0,0,0,7.1,51,4.55,28.79,0,0,0,0
2015-07-12,263,0,1,0,7.1,51,4.15,28.96,0,1,0,0
2015-07-19,293,0,0,0,7.1,51,3.05,29.29,0,3,0,0
2015-07-26,250,0,0,0,7.1,51,0.77,28.71,0,0,0,0
2015-08-02,226,0,0,0,6.1,40,7.09,27.42,0,3,0,0
2015-08-09,221,0,1,0,6.1,40,13.75,27.42,0,1,0,0
2015-08-16,250,0,0,0,6.1,40,0.14,28.69,0,2,0,0
2015-08-23,225,0,0,0,6.1,40,2.23,28.56,0,0,0,0
2015-08-30,246,0,0,0,6.1,40,0.07,29.04,0,0,0,0
2015-09-06,217,0,0,5,4.3,40,4.35,28.48,0,1,0,0
2015-09-13,303,0,0,0,4.3,40,5.09,27.89,0,0,0,0
2015-09-20,214,0,1,0,4.3,40,1.61,28.66,0,1,0,0
2015-09-27,257,0,0,0,4.3,40,4.97,28.26,0,3,0,0
2015-10-04,235,0,0,0,4.7,35,7.25,27.86,0,1,0,0
2015-10-11,235,0,0,0,4.7,35,0.36,28.63,0,4,0,0
2015-10-18,224,0,0,0,4.7,35,0,29.15,0,1,0,0
2015-10-25,246,0,0,0,4.7,35,4.11,28.39,0,0,0,0
2015-11-01,266,0,0,0,4.8,47,5.43,27.36,0,2,0,0
2015-11-08,198,0,1,0,4.8,47,7.91,27.54,0,1,0,0
2015-11-15,254,0,0,0,4.8,47,8.27,27.42,0,0,0,0
2015-11-22,285,1,0,5,4.8,47,8.15,27.38,0,1,0,0
2015-11-29,259,0,0,5,4.8,47,11.46,27.11,0,1,0,0
2015-12-06,356,1,0,5,5.3,49,12.58,27.73,0,0,0,0
2015-12-13,333,0,0,5,5.3,49,13.44,26.73,0,0,0,0
2015-12-20,372,0,1,5,5.3,49,2.03,27.87,0,0,0,0
2015-12-27,458,0,1,5,5.3,49,10.52,27.23,0,0,0,0
2016-01-03,549,0,0,0,7.2,55,4.92,27.12,0,1,0,0
2016-01-10,628,0,0,0,7.2,55,3.75,28.36,0,1,0,0
2016-01-17,635,1,0,0,7.2,55,9.02,27.66,0,0,0,0
2016-01-24,629,1,0,0,7.2,55,6.55,27.94,0,1,0,0
2016-01-31,528,2,0,0,7.2,55,3.41,27.95,0,0,0,0
2016-02-07,420,0,2,0,6.5,55,6.68,27.11,0,0,0,0
2016-02-14,592,1,0,0,6.5,55,4.11,27.92,0,2,0,0
2016-02-21,508,4,0,0,6.5,55,15.59,26.74,0,0,0,0
2016-02-28,412,0,0,0,6.5,55,0.12,28.15,0,0,0,0
2016-03-06,396,1,0,0,8,47,6.81,28.34,0,0,0,0
2016-03-13,373,1,0,5,8,47,3.06,28.59,0,0,0,0
2016-03-20,306,2,1,0,8,47,1.98,28.69,0,0,0,0
2016-03-27,376,1,0,0,8,47,0.01,29.16,0,0,0,0
2016-04-03,290,2,0,0,7,46,3.06,28.96,0,2,0,0
2016-04-10,225,0,0,0,7,46,4.44,29.11,0,0,0,0
2016-04-17,231,0,0,0,7,46,6.33,29.59,0,0,0,0
2016-04-24,244,0,0,0,7,46,10.41,28.65,0,0,0,0
2016-05-01,181,0,1,0,6.2,48,6.14,29.12,0,0,0,0
2016-05-08,217,0,0,0,6.2,48,7.54,29.05,0,0,0,1
2016-05-15,212,0,1,0,6.2,48,13.11,28.32,0,1,0,0
2016-05-22,198,0,0,0,6.2,48,7.99,29.04,0,0,0,0
2016-05-29,219,1,0,5,6.2,48,6.48,28.42,0,1,0,0
2016-06-05,159,1,0,5,5.4,45,6.83,28.22,0,0,0,0
2016-06-12,192,1,0,5,5.4,45,13.69,27.8,0,0,0,0
2016-06-19,215,0,0,5,5.4,45,7.83,27.71,0,1,0,0
2016-06-26,234,0,0,0,5.4,45,0.24,29.51,0,1,0,0
2016-07-03,246,1,1,0,6.3,48,2.41,29.52,0,0,0,0
2016-07-10,223,0,0,0,6.3,48,6.44,28.34,0,0,0,0
2016-07-17,266,0,0,0,6.3,48,15.09,27.1,0,0,0,0
2016-07-24,221,1,0,0,6.3,48,6.69,27.31,0,0,0,0
2016-07-31,211,0,0,0,6.3,48,2.12,28.21,0,0,0,0
2016-08-07,197,1,1,0,6.7,41,1.66,29.03,0,1,0,0
2016-08-14,221,1,0,0,6.7,41,4.34,29.05,0,0,0,0
2016-08-21,274,0,0,0,6.7,41,8.19,28.71,0,2,0,1
2016-08-28,310,1,0,0,6.7,41,2.55,28.09,0,1,0,214
2016-09-04,242,0,0,5,5.5,33,5.97,28.19,0,4,0,103
2016-09-11,174,0,1,0,5.5,33,7.48,27.65,0,2,0,62
2016-09-18,173,0,0,0,5.5,33,6.01,28.13,0,3,0,11
2016-09-25,138,0,0,0,5.5,33,0.81,28.61,0,2,0,8
2016-10-02,125,0,0,0,4.6,38,11.81,27.79,0,0,0,4
2016-10-09,94,0,0,0,4.6,38,3.37,28.82,0,1,0,11
2016-10-16,108,0,0,0,4.6,38,3.96,28.65,0,4,0,11
2016-10-23,84,0,1,0,4.6,38,9.99,27.07,0,0,0,12
2016-10-30,85,1,0,0,4.6,38,9.09,27.29,0,2,0,4
2016-11-06,84,0,0,0,3.5,46,6.51,27.2,0,1,0,4
2016-11-13,72,0,0,0,3.5,46,12.21,26.74,0,2,0,3
2016-11-20,74,1,0,5,3.5,46,3.4,27.59,0,0,0,1
2016-11-27,86,0,0,5,3.5,46,5.17,26.71,0,1,0,2
2016-12-04,59,0,0,5,5.1,34,5.8,28.01,0,1,0,1
2016-12-11,81,0,0,5,5.1,34,1.04,27.63,0,1,0,0
2016-12-18,72,0,0,5,5.1,34,11.35,27.19,0,0,0,0
2016-12-25,64,0,1,5,5.1,34,9.11,26.41,0,0,0,1
2017-01-01,70,0,1,0,4.8,44,5.68,27.2,0,0,0,0
2017-01-08,90,1,0,0,4.8,44,3.26,28,0,0,0,0
2017-01-15,74,1,0,0,4.8,44,14.34,26.74,0,0,1,0
2017-01-22,66,0,1,0,4.8,44,15.45,25.7,0,0,0,0
2017-01-29,62,0,1,0,4.8,44,6.75,26.68,0,0,0,0
2017-02-05,77,0,0,0,7.1,59,6.09,27.04,0,0,2,0
2017-02-12,51,2,0,0,7.1,59,2.47,26.31,0,0,1,0
2017-02-19,54,0,0,0,7.1,59,7,26.77,0,0,0,0
2017-02-26,41,0,0,0,7.1,59,9.01,26.19,1,0,1,0
2017-03-05,32,0,0,0,6.1,52,4.35,27.04,0,0,0,0
2017-03-12,34,1,0,5,6.1,52,2.3,27.51,0,0,0,0
2017-03-19,32,0,0,0,6.1,52,5.21,27.74,2,0,1,0
2017-03-26,49,1,0,0,6.1,52,6.91,27.01,0,0,2,0
2017-04-02,37,0,0,0,5.3,50,5.66,27.66,1,0,5,0
2017-04-09,32,0,1,0,5.3,50,8.01,27.49,0,0,5,0
2017-04-16,51,0,0,0,5.3,50,9.89,27.92,0,0,5,0
2017-04-23,37,0,0,0,5.3,50,7.92,27.44,0,0,7,0
2017-04-30,42,0,1,0,5.3,50,3.15,28.37,0,0,3,0
2017-05-07,48,0,1,0,5.9,57,3.66,28.03,0,0,1,0
2017-05-14,48,2,0,0,5.9,57,1.75,29.01,1,0,1,0
2017-05-21,50,0,0,0,5.9,57,12.92,27.96,0,0,4,0
2017-05-28,66,0,0,5,5.9,57,10.78,28.5,0,0,3,0
2017-06-04,62,0,0,5,6.3,51,2.65,29.6,2,0,1,0
2017-06-11,79,1,0,5,6.3,51,3.75,28.65,1,0,1,0
2017-06-18,73,0,0,5,6.3,51,7.22,27.87,2,0,2,0
2017-06-25,75,0,1,0,6.3,51,4.56,27.76,2,0,1,0
2017-07-02,63,0,0,0,7,57,4.36,27.95,1,0,0,0
2017-07-09,53,0,0,0,7,57,12.82,27.11,1,0,1,0
2017-07-16,51,0,0,0,7,57,0.03,28.61,0,0,0,0
2017-07-23,66,1,0,0,7,57,0.93,29.1,0,0,6,0
2017-07-30,60,0,0,0,7,57,0.87,29.22,1,0,6,0
2017-08-06,56,0,1,0,6.1,54,9.43,27.55,1,0,2,0
2017-08-13,52,1,0,0,6.1,54,8.8,27.29,2,0,2,0
2017-08-20,51,1,0,0,6.1,54,1.28,28.38,1,0,0,0
2017-08-27,33,0,1,0,6.1,54,2.61,28.04,0,0,1,0
2017-09-03,40,0,0,0,5.7,55,7.59,27.88,1,0,0,0
2017-09-10,53,0,0,0,5.7,55,6.31,27.62,0,0,0,0
2017-09-17,58,1,0,0,5.7,55,7.23,27.41,0,0,0,0
2017-09-24,39,0,0,0,5.7,55,5.81,27.56,0,0,1,0
2017-10-01,51,1,0,0,5.5,45,8.44,27.06,1,0,0,0
2017-10-08,55,0,0,0,5.5,45,11.05,27.56,1,0,0,0
2017-10-15,62,1,1,0,5.5,45,0.02,29.3,1,0,0,0
2017-10-22,77,0,0,0,5.5,45,3.17,27.8,0,0,0,0
2017-10-29,62,0,0,0,5.5,45,8.87,26.94,1,0,0,0
2017-11-05,44,0,0,0,4.2,60,15.84,26.52,0,0,0,0
2017-11-12,50,0,0,0,4.2,60,15.65,27.02,1,0,1,0
2017-11-19,24,0,0,5,4.2,60,8.18,26.86,0,0,0,0
2017-11-26,37,1,0,5,4.2,60,2.53,27.29,3,0,0,0
2017-12-03,33,1,0,5,5.6,51,3.85,27.13,1,0,0,0
2017-12-10,40,0,0,5,5.6,51,19.36,26.76,0,0,0,0
2017-12-17,51,0,0,5,5.6,51,5.21,27.18,0,0,0,0
2017-12-24,66,0,1,5,5.6,51,14.14,26.4,0,0,0,0
2017-12-31,83,0,1,0,5.6,51,12.29,25.93,0,0,0,0
2018-01-07,68,0,0,0,4.1,44,20.07,24.16,0,0,0,0
2018-01-14,54,0,0,0,4.1,44,3.5,26.38,0,0,1,0
2018-01-21,45,0,0,0,4.1,44,9.65,26.61,0,0,0,0
2018-01-28,48,0,0,0,4.1,44,4.95,26.91,0,0,0,0
2018-02-04,50,0,0,0,8,49,0,26.39,0,0,0,0
2018-02-11,28,0,2,0,8,49,0.81,27.18,0,0,0,0
2018-02-18,38,1,0,0,8,49,2.17,27.22,0,0,0,0
2018-02-25,51,0,0,0,8,49,7.9,27.59,1,0,0,0
2018-03-04,37,0,0,0,6.4,49,3.59,27.41,0,0,0,0
2018-03-11,37,2,0,5,6.4,49,2.29,28.1,0,0,0,0
2018-03-18,36,0,0,0,6.4,49,5.75,28.02,0,0,0,0
2018-03-25,24,0,1,0,6.4,49,6.95,26.79,0,0,0,0
2018-04-01,38,0,0,0,6.8,39,9.73,28.14,0,0,0,0
2018-04-08,38,0,0,0,6.8,39,4.13,28.43,0,0,0,0
2018-04-15,56,0,0,0,6.8,39,10.29,27.47,0,0,0,0
2018-04-22,55,1,0,0,6.8,39,6.25,28.11,0,0,0,0
2018-04-29,74,3,1,0,6.8,39,8.24,28.21,0,0,0,0
2018-05-06,62,0,0,0,5.8,43,3.75,29.25,0,0,0,0
2018-05-13,63,1,0,0,5.8,43,8.07,27.74,1,0,0,0
2018-05-20,64,1,0,0,5.8,43,7.27,27.88,0,0,0,0
2018-05-27,52,2,1,5,5.8,43,13.79,27.51,1,0,0,0
2018-06-03,75,0,0,5,4.1,51,1.98,29.54,1,0,0,0
2018-06-10,55,0,1,5,4.1,51,4.5,28.87,0,0,0,0
2018-06-17,59,2,0,5,4.1,51,7.5,27.31,0,0,0,0
2018-06-24,75,1,0,0,4.1,51,13.91,26.68,0,0,0,0
2018-07-01,56,2,0,0,6.1,50,2.75,28.19,0,0,0,0
2018-07-08,44,0,0,0,6.1,50,4.34,28.08,1,0,0,0
2018-07-15,41,0,0,0,6.1,50,3.31,28.74,0,0,0,0
2018-07-22,56,0,0,0,6.1,50,0.78,28.8,1,0,0,0
2018-07-29,50,1,0,0,6.1,50,3.78,27.6,0,0,0,0
2018-08-05,59,0,1,0,6.7,39,0.56,28.44,0,0,0,0
2018-08-12,42,1,0,0,6.7,39,1.17,29.13,0,0,0,0
2018-08-19,66,2,1,0,6.7,39,8.69,28.17,0,0,0,0
2018-08-26,75,0,0,0,6.7,39,4.09,27.88,0,0,0,0
2018-09-02,75,1,0,5,6,48,12.9,27.01,0,0,0,0
2018-09-09,49,0,0,0,6,48,1.21,27.94,0,0,0,0
2018-09-16,63,0,0,0,6,48,10.12,27.26,0,0,0,0
2018-09-23,40,0,0,0,6,48,0.09,29.15,0,0,0,0
2018-09-30,51,0,0,0,6,48,2.93,28.91,0,0,0,0
2018-10-07,51,0,0,0,6.1,33,19.31,26.16,0,0,0,0
2018-10-14,60,2,0,0,6.1,33,4.43,27.58,0,0,0,0
2018-10-21,78,0,0,0,6.1,33,6.94,27.32,2,0,0,0
2018-10-28,75,0,0,0,6.1,33,5.35,26.97,2,0,0,0
2018-11-04,71,0,1,0,3.8,53,12.77,26.98,0,0,0,0
2018-11-11,78,0,0,0,3.8,53,11.07,26.92,0,0,0,0
2018-11-18,97,0,0,5,3.8,53,8.8,27.07,0,0,0,0
2018-11-25,109,0,0,5,3.8,53,8.57,27.06,4,0,0,0
2018-12-02,114,1,0,5,5.1,47,10.39,27,1,0,0,0
2018-12-09,107,1,0,5,5.1,47,14.14,26.49,0,0,0,0
2018-12-16,127,1,0,5,5.1,47,1.9,27.62,0,0,0,0
2018-12-23,160,0,1,5,5.1,47,4.7,27.87,0,0,0,0
2018-12-30,205,2,1,0,5.1,47,2.58,28.36,1,0,0,0
2019-01-06,245,0,0,0,7.1,47,3.37,27.89,0,0,0,0
2019-01-13,207,8,0,0,7.1,47,7.67,27.16,2,0,2,0
2019-01-20,221,1,0,0,7.1,47,0.16,27.26,1,0,0,0
2019-01-27,179,3,0,0,7.1,47,2.01,27.79,0,0,0,0
2019-02-03,135,3,2,0,9.2,46,1.16,27.97,0,0,1,0
2019-02-10,232,3,0,0,9.2,46,2.24,27.84,0,0,0,0
2019-02-17,181,1,0,0,9.2,46,2.8,27.96,1,0,0,0
2019-02-24,156,1,0,0,9.2,46,1.34,28.1,2,0,0,0
2019-03-03,133,1,0,0,8.3,40,4.19,28.46,0,0,1,0
2019-03-10,109,0,0,0,8.3,40,0.51,28.39,0,0,0,0
2019-03-17,96,1,0,5,8.3,40,6,28.64,0,0,0,0
2019-03-24,99,1,0,0,8.3,40,5.76,28.33,1,0,0,0
2019-03-31,108,0,0,0,8.3,40,6.51,28.18,0,0,0,0
2019-04-07,125,0,0,0,5.9,48,3.6,28.5,0,0,0,0
2019-04-14,134,1,1,0,5.9,48,1.91,29.11,0,0,0,0
2019-04-21,156,1,0,0,5.9,48,11.74,27.96,1,0,0,0
2019-04-28,192,2,1,0,5.9,48,2.56,28.97,0,0,0,0
2019-05-05,287,0,0,0,7,52,14.19,28.81,0,0,1,0
2019-05-12,307,2,0,0,7,52,3.24,28.31,0,0,0,0
2019-05-19,376,2,1,0,7,52,1.65,28.96,0,0,0,0
2019-05-26,400,1,0,0,7,52,10.44,28.26,0,0,0,0
2019-06-02,396,4,1,5,5.3,47,4.85,27.73,6,0,0,0
2019-06-09,464,3,0,5,5.3,47,10.97,28.56,3,0,0,0
2019-06-16,430,3,0,5,5.3,47,7.99,27.74,1,0,0,0
2019-06-23,492,5,0,5,5.3,47,2.21,28.94,1,0,0,0
2019-06-30,591,2,0,0,5.3,47,2.74,28.83,1,0,0,0
2019-07-07,661,2,0,0,7.5,45,3.08,28.69,3,0,2,0
2019-07-14,644,2,0,0,7.5,45,1.67,28.71,1,0,0,0
2019-07-21,601,4,0,0,7.5,45,2.34,28.66,3,0,0,0
2019-07-28,597,2,0,0,7.5,45,0.34,29.15,3,0,0,0
2019-08-04,521,2,1,0,7.6,35,0.12,29.05,0,0,0,0
2019-08-11,522,2,1,0,7.6,35,0.59,29.27,1,0,0,0
2019-08-18,474,0,0,0,7.6,35,2.66,28.89,6,0,0,0
2019-08-25,412,2,0,0,7.6,35,2.41,28.34,1,0,0,0
2019-09-01,326,1,0,0,6.7,37,3.75,29.14,1,0,0,0
2019-09-08,314,3,0,5,6.7,37,0.37,28.89,2,0,3,0
2019-09-15,299,2,0,0,6.7,37,0.17,28.97,2,0,1,0
2019-09-22,258,3,0,0,6.7,37,13.34,27.71,1,0,0,0
2019-09-29,243,3,0,0,6.7,37,3.5,27.36,2,0,0,0
2019-10-06,226,1,0,0,6.5,38,4.38,27.89,4,0,0,0
2019-10-13,239,0,0,0,6.5,38,4.03,28.11,0,0,0,0
2019-10-20,241,1,0,0,6.5,38,11.6,27,1,0,1,0
2019-10-27,306,2,1,0,6.5,38,2.47,28.11,1,0,0,0
2019-11-03,321,1,0,0,5.5,45,3.17,28.44,0,0,0,0
2019-11-10,372,1,0,0,5.5,45,3.46,27.84,0,0,0,0
2019-11-17,329,2,0,5,5.5,45,8.98,26.53,1,0,0,0
2019-11-24,295,0,0,5,5.5,45,20.25,27.11,0,0,0,0
2019-12-01,280,1,0,5,4.8,47,6.2,26.87,2,0,0,0
2019-12-08,257,0,0,5,4.8,47,22.81,24.87,0,0,0,0
2019-12-15,226,0,0,5,4.8,47,6.07,26.4,1,0,0,0
2019-12-22,290,0,1,5,4.8,47,0.61,27.38,1,0,0,0
2019-12-29,302,1,1,0,4.8,47,2.53,27.02,3,0,0,0
2020-01-05,342,1,0,0,7.1,43,1.54,27.26,1,0,0,0
2020-01-12,402,2,0,0,7.1,43,4.42,27.46,1,0,0,0
2020-01-19,307,2,1,0,7.1,43,3.6,27.9,0,0,0,0
2020-01-26,370,0,1,0,7.1,43,8.76,27.44,1,0,0,0
2020-02-02,400,0,0,0,8.3,45,9.15,27.06,1,0,0,0
2020-02-09,378,2,0,0,8.3,45,1.33,27.84,2,0,0,0
2020-02-16,380,1,0,0,8.3,45,3.42,27.52,0,0,0,0
2020-02-23,373,1,0,0,8.3,45,0.15,28.21,0,0,0,0
2020-03-01,375,0,0,0,7.6,44,6.56,28.14,0,0,1,0
2020-03-08,389,0,0,0,7.6,44,0.54,28.84,0,0,0,0
2020-03-15,367,1,0,5,7.6,44,10.58,27.66,1,0,0,0
2020-03-22,377,0,0,0,7.6,44,1.61,28.98,0,0,0,0
2020-03-29,315,0,0,0,7.6,44,15.42,28.07,0,0,0,0
2020-04-05,341,2,1,0,7.1,46,2.95,28.86,0,0,0,0
2020-04-12,360,0,0,0,7.1,46,2.06,29.53,0,0,0,0
2020-04-19,399,1,0,0,7.1,46,9.74,27.61,0,0,0,0
2020-04-26,390,0,1,0,7.1,46,10.27,27.74,0,0,0,0
2020-05-03,502,5,1,0,5.7,50,9.82,29.26,0,0,0,0
2020-05-10,524,2,0,5,5.7,50,7.83,29.11,0,0,0,0
2020-05-17,618,1,0,5,5.7,50,9.37,28.4,0,0,0,0
2020-05-24,731,1,1,5,5.7,50,5.97,28.18,0,0,0,0
2020-05-31,868,0,0,0,5.7,50,9.34,28.59,0,0,0,0
2020-06-07,1151,2,0,0,4.3,53,11.87,27.84,0,0,0,0
2020-06-14,1369,2,0,0,4.3,53,19.25,26.76,0,0,0,0
2020-06-21,1460,0,0,0,4.3,53,1.5,28.85,0,0,0,0
2020-06-28,1444,4,0,0,4.3,53,4.81,28.05,0,0,0,0
2020-07-05,1665,2,0,0,5.7,53,7.51,26.93,0,0,0,0
2020-07-12,1725,4,0,0,5.7,53,6.42,28.27,0,0,0,0
2020-07-19,1791,1,0,5,5.7,53,9.98,27.11,0,0,0,0
2020-07-26,1376,2,1,0,5.7,53,1.85,28.37,0,0,0,0
2020-08-02,1667,0,0,0,6.4,41,1.19,29.27,0,0,0,0
2020-08-09,1336,3,1,0,6.4,41,15,27.29,0,0,0,0
2020-08-16,1285,2,0,0,6.4,41,4.62,27.54,0,0,0,0
2020-08-23,1153,1,0,0,6.4,41,2.38,28.28,0,0,0,0
2020-08-30,937,1,0,0,6.4,41,9.25,27.16,1,0,0,0
2020-09-06,725,0,0,5,4.8,48,15.81,26.31,1,0,0,0
2020-09-13,671,0,0,0,4.8,48,2.49,27.91,0,0,0,0
2020-09-20,590,1,0,0,4.8,48,15.54,27.39,0,0,0,0
2020-09-27,605,0,0,0,4.8,48,4.93,27.87,0,0,0,0
2020-10-04,528,1,0,0,4.3,44,5.01,27.94,0,0,0,0
2020-10-11,591,1,0,0,4.3,44,2.16,28.51,0,0,0,0
2020-10-18,563,2,0,0,4.3,44,5.31,27.84,0,0,0,0
2020-10-25,440,0,0,0,4.3,44,11.73,27.23,0,0,0,0
2020-11-01,408,0,0,0,4,49,6.67,27.18,0,0,0,0
2020-11-08,354,1,1,0,4,49,6.69,27.88,0,0,0,0
2020-11-15,258,0,0,0,4,49,12.94,26.25,0,0,0,0
2020-11-22,279,0,0,5,4,49,2.07,27.07,0,0,0,0
2020-11-29,228,0,0,5,4,49,9.52,27.15,0,0,0,0
2020-12-06,227,0,0,5,5.2,49,11.83,26.35,0,0,0,0
2020-12-13,236,0,0,5,5.2,49,4.19,26.54,0,0,0,0
2020-12-20,196,0,1,5,5.2,49,11.73,27.04,0,0,0,0
2020-12-27,193,1,1,5,5.2,49,7.96,26.79,0,0,0,0